Name,country_code,Y,X,GDP
Afghanistan,AF,33.93911,67.709953,..
Albania,AL,41.153332,20.168331,18882095518
Algeria,DZ,28.033886,1.659626,1.91913E+11
American Samoa,AS,-14.270972,-170.132217,..
Andorra,AD,42.546245,1.601554,3352032737
Angola,AO,-11.202692,17.873887,1.06714E+11
Antigua and Barbuda,AG,17.060816,-61.796428,1757603704
Argentina,AR,-38.416097,-63.616672,6.3277E+11
Armenia,AM,40.069099,45.038189,19502783988
Aruba,AW,12.52111,-69.968338,..
Australia,AU,-25.274398,133.775136,1.67542E+12
Austria,AT,47.516231,14.550072,4.714E+11
Azerbaijan,AZ,40.143105,47.576927,78721058824
Bahrain,BH,25.930414,50.637772,44390820479
Bangladesh,BD,23.684994,90.356331,4.60201E+11
Barbados,BB,13.193887,-59.543198,5637914515
Belarus,BY,53.709807,27.953389,72793457588
Belgium,BE,50.503887,4.469936,5.78604E+11
Belize,BZ,17.189877,-88.49765,2824081836
Benin,BJ,9.30769,2.315834,17401746309
Bermuda,BM,32.321384,-64.75737,7550500000
Bhutan,BT,27.514162,90.433601,..
Bolivia,BO,-16.290154,-63.588653,43068885673
Bosnia and Herzegovina,BA,43.915886,17.679076,24527507288
Botswana,BW,-22.328474,24.684866,20352322157
Brazil,BR,-14.235004,-51.92528,1.9201E+12
British Virgin Islands,VG,18.420695,-64.639968,..
Bulgaria,BG,42.733883,25.48583,89040398406
Burkina Faso,BF,12.238333,-1.561593,18884619613
Burundi,BI,-3.373056,29.918886,3073414678
Cambodia,KH,12.565679,104.990963,29956769529
Cameroon,CM,7.369722,12.354722,44341646509
Canada,CA,56.130366,-106.346771,2.13984E+12
Cayman Islands,KY,19.513469,-80.566956,..
Central African Republic,CF,6.611111,20.939444,2382618615
Chad,TD,15.454166,18.732207,12704149842
Chile,CL,-35.675147,-71.542969,3.01025E+11
China,CN,35.86166,104.195397,1.79632E+13
Colombia,CO,4.570868,-74.297333,3.43939E+11
Comoros,KM,-11.875001,43.872219,1242519407
Costa Rica,CR,9.748917,-83.753428,68380838316
Croatia,HR,45.1,15.2,70964606465
Cuba,CU,21.521757,-77.781167,..
Cyprus,CY,35.126413,33.429859,28439052741
Denmark,DK,56.26392,9.501785,3.95404E+11
Djibouti,DJ,11.825138,42.590275,3515109075
Dominica,DM,15.414999,-61.370976,612048148.1
Dominican Republic,DO,18.735693,-70.162651,1.13642E+11
Ecuador,EC,-1.831239,-78.183406,1.15049E+11
El Salvador,SV,13.794185,-88.89653,32488720000
Equatorial Guinea,GQ,1.650801,10.267895,11813908448
Eritrea,ER,15.179384,39.782334,..
Estonia,EE,58.595272,25.013607,38100812959
Ethiopia,ET,9.145,40.489673,1.26783E+11
Faroe Islands,FO,61.892635,-6.911806,..
Fiji,FJ,-16.578193,179.414413,4943248200
Finland,FI,61.92411,25.748151,2.80826E+11
France,FR,46.227638,2.213749,2.78291E+12
French Polynesia,PF,-17.679742,-149.406843,..
Gabon,GA,-0.803689,11.609444,21071739228
Georgia,GE,42.315407,43.356892,24605375420
Germany,DE,51.165691,10.451526,4.07219E+12
Ghana,GH,7.946527,-1.023194,72838798788
Gibraltar,GI,36.137741,-5.345374,..
Greece,GR,39.074208,21.824312,2.19066E+11
Greenland,GL,71.706936,-42.604303,..
Grenada,GD,12.262776,-61.604171,1256413185
Guam,GU,13.444304,144.793731,..
Guatemala,GT,15.783471,-90.230759,95003333381
Guinea,GN,9.945587,-9.696645,21227749389
Guinea-Bissau,GW,11.803749,-15.180413,1633559092
Guyana,GY,4.860416,-58.93018,15357537068
Haiti,HT,18.971187,-72.285215,20253551885
Honduras,HN,15.199999,-86.241905,31717700115
Hungary,HU,47.162494,19.503304,1.78789E+11
Iceland,IS,64.963051,-19.020835,27841648044
India,IN,20.593684,78.96288,3.38509E+12
Indonesia,ID,-0.789275,113.921327,1.3191E+12
Iraq,IQ,33.223191,43.679291,2.64182E+11
Ireland,IE,53.41291,-8.24389,5.29245E+11
Isle of Man,IM,54.236107,-4.548056,..
Israel,IL,31.046051,34.851612,5.22033E+11
Italy,IT,41.87194,12.56738,2.01043E+12
Jamaica,JM,18.109581,-77.297508,17097760745
Japan,JP,36.204824,138.252924,4.23114E+12
Jordan,JO,30.585164,36.238414,47451499859
Kazakhstan,KZ,48.019573,66.923684,2.20623E+11
Kenya,KE,-0.023559,37.906193,1.1342E+11
Kiribati,KI,-3.370417,-168.734039,223352943.2
Kosovo,XK,42.602636,20.902977,9429156202
Kuwait,KW,29.31166,47.481766,1.84558E+11
Latvia,LV,56.879635,24.603189,41153912663
Lebanon,LB,33.854721,35.862285,..
Lesotho,LS,-29.609988,28.233608,2553459763
Liberia,LR,6.428055,-9.429499,4001047150
Libya,LY,26.3351,17.228331,45752336036
Liechtenstein,LI,47.166,9.555373,..
Lithuania,LT,55.169438,23.881275,70334299008
Luxembourg,LU,49.815273,6.129583,82274812251
Madagascar,MG,-18.766947,46.869107,14954967604
Malawi,MW,-13.254308,34.301525,13164667627
Malaysia,MY,4.210484,101.975766,4.06306E+11
Maldives,MV,3.202778,73.22068,6189865408
Mali,ML,17.570692,-3.996166,18827176532
Malta,MT,35.937496,14.375416,17765270015
Marshall Islands,MH,7.131474,171.184478,279667900
Mauritania,MR,21.00789,-10.940835,10375460680
Mauritius,MU,-20.348404,57.552152,12898307089
Mexico,MX,23.634501,-102.552784,1.41419E+12
Moldova,MD,47.411631,28.369885,14420947884
Monaco,MC,43.750298,7.412841,..
Mongolia,MN,46.862496,103.846656,16810883361
Montenegro,ME,42.708678,19.37439,6095978868
Morocco,MA,31.791702,-7.09262,1.34182E+11
Mozambique,MZ,-18.665695,35.529562,17851491428
Namibia,NA,-22.95764,18.49041,12607436976
Nauru,NR,-0.522778,166.931503,150922211
Nepal,NP,28.394857,84.124008,40828247302
Netherlands,NL,52.132633,5.291266,9.91115E+11
New Caledonia,NC,-20.904305,165.618042,..
New Zealand,NZ,-40.900557,174.885971,2.47234E+11
Nicaragua,NI,12.865416,-85.207229,15671583878
Niger,NE,17.607789,8.081666,13969605583
Nigeria,NG,9.081999,8.675277,4.77386E+11
Northern Mariana Islands,MP,17.33083,145.38469,..
Norway,NO,60.472024,8.468946,5.79267E+11
Oman,OM,21.512583,55.923255,1.14667E+11
Pakistan,PK,30.375321,69.345116,3.76533E+11
Palau,PW,7.51498,134.58252,..
Panama,PA,8.537981,-80.782127,76522511781
Papua New Guinea,PG,-6.314993,143.95555,30633444295
Paraguay,PY,-23.442503,-58.443832,41722295362
Peru,PE,-9.189967,-75.015152,2.42632E+11
Philippines,PH,12.879721,121.774017,4.04284E+11
Poland,PL,51.919438,19.145136,6.88177E+11
Portugal,PT,39.399872,-8.224454,2.51945E+11
Puerto Rico,PR,18.220833,-66.590149,1.13435E+11
Qatar,QA,25.354826,51.183884,2.37296E+11
Romania,RO,45.943161,24.96676,3.01262E+11
Rwanda,RW,-1.940278,29.873888,13312796765
Samoa,WS,-13.759029,-172.104629,832421565.4
San Marino,SM,43.94236,12.457777,..
Saudi Arabia,SA,23.885942,45.079162,1.10815E+12
Senegal,SN,14.497401,-14.452362,27684430244
Serbia,RS,44.016521,21.005859,63501748652
Seychelles,SC,-4.679574,55.491977,1588406479
Sierra Leone,SL,8.460555,-11.779889,3970343852
Singapore,SG,1.352083,103.819836,4.66789E+11
Slovenia,SI,46.151241,14.995463,62117768015
Solomon Islands,SB,-9.64571,160.156194,1595710784
Somalia,SO,5.152149,46.199616,8126105600
South Africa,ZA,-30.559482,22.937506,4.0587E+11
Spain,ES,40.463667,-3.74922,1.39751E+12
Sri Lanka,LK,7.873054,80.771797,74403578363
Sudan,SD,12.862807,30.217636,51662241775
Suriname,SR,3.919305,-56.027783,3620655116
Sweden,SE,60.128161,18.643501,5.85939E+11
Switzerland,CH,46.818188,8.227512,8.07706E+11
Tajikistan,TJ,38.861034,71.276093,10492123388
Tanzania,TZ,-6.369028,34.888822,75709289056
Thailand,TH,15.870032,100.992541,4.95341E+11
Timor-Leste,TL,-8.874217,125.727539,3163324631
Togo,TG,8.619543,0.824782,8126439481
Tonga,TO,-21.178986,-175.198242,..
Trinidad and Tobago,TT,10.691803,-61.222503,27899082337
Tunisia,TN,33.886917,9.537499,46664948952
Turkmenistan,TM,38.969719,59.556278,..
Turks and Caicos Islands,TC,21.694025,-71.797928,1138808881
Tuvalu,TV,-7.109535,177.64933,60349391.1
Uganda,UG,1.373333,32.290275,45559202049
Ukraine,UA,48.379433,31.16558,1.60503E+11
United Arab Emirates,AE,23.424076,53.847818,5.07535E+11
United Kingdom,GB,55.378051,-3.435973,3.07067E+12
United States,US,37.09024,-95.712891,2.54627E+13
Uruguay,UY,-32.522779,-55.765835,71177146197
Uzbekistan,UZ,41.377491,64.585262,80391853885
Vanuatu,VU,-15.376706,166.959158,983582864.6
Zambia,ZM,-13.133897,27.849332,29784454056
Zimbabwe,ZW,-19.015438,29.154857,20678055598